cand_name,cid,cycle,last_updated,industry_code0,industry_name0,indivs0,pacs0,total0,industry_code1,industry_name1,indivs1,pacs1,total1,industry_code2,industry_name2,indivs2,pacs2,total2,industry_code3,industry_name3,indivs3,pacs3,total3,industry_code4,industry_name4,indivs4,pacs4,total4,industry_code5,industry_name5,indivs5,pacs5,total5,industry_code6,industry_name6,indivs6,pacs6,total6,industry_code7,industry_name7,indivs7,pacs7,total7,industry_code8,industry_name8,indivs8,pacs8,total8,industry_code9,industry_name9,indivs9,pacs9,total9
Ralph Abraham (R),N00036633,2020,3/22/2021,E01,Oil & Gas,0,5000,5000,E01,Oil & Gas,0,5000,5000,E01,Oil & Gas,0,5000,5000,E01,Oil & Gas,0,5000,5000,E01,Oil & Gas,0,5000,5000,E01,Oil & Gas,0,5000,5000,E01,Oil & Gas,0,5000,5000,E01,Oil & Gas,0,5000,5000,E01,Oil & Gas,0,5000,5000,E01,Oil & Gas,0,5000,5000
Alma Adams (D),N00035451,2020,3/22/2021,F03,Commercial Banks,7178,58000,65178,F03,Commercial Banks,7178,58000,65178,F03,Commercial Banks,7178,58000,65178,F03,Commercial Banks,7178,58000,65178,F03,Commercial Banks,7178,58000,65178,F03,Commercial Banks,7178,58000,65178,F03,Commercial Banks,7178,58000,65178,F03,Commercial Banks,7178,58000,65178,F03,Commercial Banks,7178,58000,65178,F03,Commercial Banks,7178,58000,65178
Robert B Aderholt (R),N00003028,2020,3/22/2021,D03,Misc Defense,69059,48000,117059,D03,Misc Defense,69059,48000,117059,D03,Misc Defense,69059,48000,117059,D03,Misc Defense,69059,48000,117059,D03,Misc Defense,69059,48000,117059,D03,Misc Defense,69059,48000,117059,D03,Misc Defense,69059,48000,117059,D03,Misc Defense,69059,48000,117059,D03,Misc Defense,69059,48000,117059,D03,Misc Defense,69059,48000,117059
Pete Aguilar (D),N00033997,2020,3/22/2021,W06,Retired,237878,0,237878,W06,Retired,237878,0,237878,W06,Retired,237878,0,237878,W06,Retired,237878,0,237878,W06,Retired,237878,0,237878,W06,Retired,237878,0,237878,W06,Retired,237878,0,237878,W06,Retired,237878,0,237878,W06,Retired,237878,0,237878,W06,Retired,237878,0,237878
Lamar Alexander (R),N00009888,2020,3/22/2021,H04,Pharmaceuticals/Health Products,0,103200,103200,H04,Pharmaceuticals/Health Products,0,103200,103200,H04,Pharmaceuticals/Health Products,0,103200,103200,H04,Pharmaceuticals/Health Products,0,103200,103200,H04,Pharmaceuticals/Health Products,0,103200,103200,H04,Pharmaceuticals/Health Products,0,103200,103200,H04,Pharmaceuticals/Health Products,0,103200,103200,H04,Pharmaceuticals/Health Products,0,103200,103200,H04,Pharmaceuticals/Health Products,0,103200,103200,H04,Pharmaceuticals/Health Products,0,103200,103200
Richard W Allen (R),N00033720,2020,3/22/2021,W06,Retired,136542,0,136542,W06,Retired,136542,0,136542,W06,Retired,136542,0,136542,W06,Retired,136542,0,136542,W06,Retired,136542,0,136542,W06,Retired,136542,0,136542,W06,Retired,136542,0,136542,W06,Retired,136542,0,136542,W06,Retired,136542,0,136542,W06,Retired,136542,0,136542
Colin Allred (D),N00040989,2020,3/22/2021,W06,Retired,663537,0,663537,W06,Retired,663537,0,663537,W06,Retired,663537,0,663537,W06,Retired,663537,0,663537,W06,Retired,663537,0,663537,W06,Retired,663537,0,663537,W06,Retired,663537,0,663537,W06,Retired,663537,0,663537,W06,Retired,663537,0,663537,W06,Retired,663537,0,663537
Mark Amodei (R),N00031177,2020,3/22/2021,N07,Casinos/Gambling,41500,31000,72500,N07,Casinos/Gambling,41500,31000,72500,N07,Casinos/Gambling,41500,31000,72500,N07,Casinos/Gambling,41500,31000,72500,N07,Casinos/Gambling,41500,31000,72500,N07,Casinos/Gambling,41500,31000,72500,N07,Casinos/Gambling,41500,31000,72500,N07,Casinos/Gambling,41500,31000,72500,N07,Casinos/Gambling,41500,31000,72500,N07,Casinos/Gambling,41500,31000,72500
Kelly Armstrong (R),N00042868,2020,3/22/2021,E01,Oil & Gas,37750,114000,151750,E01,Oil & Gas,37750,114000,151750,E01,Oil & Gas,37750,114000,151750,E01,Oil & Gas,37750,114000,151750,E01,Oil & Gas,37750,114000,151750,E01,Oil & Gas,37750,114000,151750,E01,Oil & Gas,37750,114000,151750,E01,Oil & Gas,37750,114000,151750,E01,Oil & Gas,37750,114000,151750,E01,Oil & Gas,37750,114000,151750
Jodey Arrington (R),N00038285,2020,3/22/2021,E01,Oil & Gas,77050,109078,186128,E01,Oil & Gas,77050,109078,186128,E01,Oil & Gas,77050,109078,186128,E01,Oil & Gas,77050,109078,186128,E01,Oil & Gas,77050,109078,186128,E01,Oil & Gas,77050,109078,186128,E01,Oil & Gas,77050,109078,186128,E01,Oil & Gas,77050,109078,186128,E01,Oil & Gas,77050,109078,186128,E01,Oil & Gas,77050,109078,186128
Cindy Axne (D),N00041104,2020,3/22/2021,W06,Retired,535948,0,535948,W06,Retired,535948,0,535948,W06,Retired,535948,0,535948,W06,Retired,535948,0,535948,W06,Retired,535948,0,535948,W06,Retired,535948,0,535948,W06,Retired,535948,0,535948,W06,Retired,535948,0,535948,W06,Retired,535948,0,535948,W06,Retired,535948,0,535948
Brian Babin (R),N00005736,2020,3/22/2021,H01,Health Professionals,81391,78000,159391,H01,Health Professionals,81391,78000,159391,H01,Health Professionals,81391,78000,159391,H01,Health Professionals,81391,78000,159391,H01,Health Professionals,81391,78000,159391,H01,Health Professionals,81391,78000,159391,H01,Health Professionals,81391,78000,159391,H01,Health Professionals,81391,78000,159391,H01,Health Professionals,81391,78000,159391,H01,Health Professionals,81391,78000,159391
Don Bacon (R),N00037049,2020,3/22/2021,W06,Retired,424362,0,424362,W06,Retired,424362,0,424362,W06,Retired,424362,0,424362,W06,Retired,424362,0,424362,W06,Retired,424362,0,424362,W06,Retired,424362,0,424362,W06,Retired,424362,0,424362,W06,Retired,424362,0,424362,W06,Retired,424362,0,424362,W06,Retired,424362,0,424362
Jim Baird (R),N00041954,2020,3/22/2021,A01,Crop Production & Basic Processing,7390,27500,34890,A01,Crop Production & Basic Processing,7390,27500,34890,A01,Crop Production & Basic Processing,7390,27500,34890,A01,Crop Production & Basic Processing,7390,27500,34890,A01,Crop Production & Basic Processing,7390,27500,34890,A01,Crop Production & Basic Processing,7390,27500,34890,A01,Crop Production & Basic Processing,7390,27500,34890,A01,Crop Production & Basic Processing,7390,27500,34890,A01,Crop Production & Basic Processing,7390,27500,34890,A01,Crop Production & Basic Processing,7390,27500,34890
Troy Balderson (R),N00042194,2020,3/22/2021,F10,Real Estate,78108,21500,99608,F10,Real Estate,78108,21500,99608,F10,Real Estate,78108,21500,99608,F10,Real Estate,78108,21500,99608,F10,Real Estate,78108,21500,99608,F10,Real Estate,78108,21500,99608,F10,Real Estate,78108,21500,99608,F10,Real Estate,78108,21500,99608,F10,Real Estate,78108,21500,99608,F10,Real Estate,78108,21500,99608
Tammy Baldwin (D),N00004367,2020,3/22/2021,W06,Retired,5439694,0,5439694,W06,Retired,5439694,0,5439694,W06,Retired,5439694,0,5439694,W06,Retired,5439694,0,5439694,W06,Retired,5439694,0,5439694,W06,Retired,5439694,0,5439694,W06,Retired,5439694,0,5439694,W06,Retired,5439694,0,5439694,W06,Retired,5439694,0,5439694,W06,Retired,5439694,0,5439694
Jim Banks (R),N00037185,2020,3/22/2021,D01,Defense Aerospace,1,62000,62001,D01,Defense Aerospace,1,62000,62001,D01,Defense Aerospace,1,62000,62001,D01,Defense Aerospace,1,62000,62001,D01,Defense Aerospace,1,62000,62001,D01,Defense Aerospace,1,62000,62001,D01,Defense Aerospace,1,62000,62001,D01,Defense Aerospace,1,62000,62001,D01,Defense Aerospace,1,62000,62001,D01,Defense Aerospace,1,62000,62001
Andy Barr (R),N00031233,2020,3/22/2021,F07,Securities & Investment,210689,199500,410189,F07,Securities & Investment,210689,199500,410189,F07,Securities & Investment,210689,199500,410189,F07,Securities & Investment,210689,199500,410189,F07,Securities & Investment,210689,199500,410189,F07,Securities & Investment,210689,199500,410189,F07,Securities & Investment,210689,199500,410189,F07,Securities & Investment,210689,199500,410189,F07,Securities & Investment,210689,199500,410189,F07,Securities & Investment,210689,199500,410189
Nanette Barragan (D),N00037019,2020,3/22/2021,K01,Lawyers/Law Firms,160460,13750,174210,K01,Lawyers/Law Firms,160460,13750,174210,K01,Lawyers/Law Firms,160460,13750,174210,K01,Lawyers/Law Firms,160460,13750,174210,K01,Lawyers/Law Firms,160460,13750,174210,K01,Lawyers/Law Firms,160460,13750,174210,K01,Lawyers/Law Firms,160460,13750,174210,K01,Lawyers/Law Firms,160460,13750,174210,K01,Lawyers/Law Firms,160460,13750,174210,K01,Lawyers/Law Firms,160460,13750,174210
John A Barrasso (R),N00006236,2020,3/22/2021,E01,Oil & Gas,237037,345400,582437,E01,Oil & Gas,237037,345400,582437,E01,Oil & Gas,237037,345400,582437,E01,Oil & Gas,237037,345400,582437,E01,Oil & Gas,237037,345400,582437,E01,Oil & Gas,237037,345400,582437,E01,Oil & Gas,237037,345400,582437,E01,Oil & Gas,237037,345400,582437,E01,Oil & Gas,237037,345400,582437,E01,Oil & Gas,237037,345400,582437
Karen Bass (D),N00031877,2020,3/22/2021,B02,TV/Movies/Music,161712,28500,190212,B02,TV/Movies/Music,161712,28500,190212,B02,TV/Movies/Music,161712,28500,190212,B02,TV/Movies/Music,161712,28500,190212,B02,TV/Movies/Music,161712,28500,190212,B02,TV/Movies/Music,161712,28500,190212,B02,TV/Movies/Music,161712,28500,190212,B02,TV/Movies/Music,161712,28500,190212,B02,TV/Movies/Music,161712,28500,190212,B02,TV/Movies/Music,161712,28500,190212
Joyce Beatty (D),N00033904,2020,3/22/2021,F09,Insurance,21379,260500,281879,F09,Insurance,21379,260500,281879,F09,Insurance,21379,260500,281879,F09,Insurance,21379,260500,281879,F09,Insurance,21379,260500,281879,F09,Insurance,21379,260500,281879,F09,Insurance,21379,260500,281879,F09,Insurance,21379,260500,281879,F09,Insurance,21379,260500,281879,F09,Insurance,21379,260500,281879
Michael Bennet (D),N00030608,2020,3/22/2021,F07,Securities & Investment,1790799,109950,1900749,F07,Securities & Investment,1790799,109950,1900749,F07,Securities & Investment,1790799,109950,1900749,F07,Securities & Investment,1790799,109950,1900749,F07,Securities & Investment,1790799,109950,1900749,F07,Securities & Investment,1790799,109950,1900749,F07,Securities & Investment,1790799,109950,1900749,F07,Securities & Investment,1790799,109950,1900749,F07,Securities & Investment,1790799,109950,1900749,F07,Securities & Investment,1790799,109950,1900749
Ami Bera (D),N00030717,2020,3/22/2021,H01,Health Professionals,62212,190000,252212,H01,Health Professionals,62212,190000,252212,H01,Health Professionals,62212,190000,252212,H01,Health Professionals,62212,190000,252212,H01,Health Professionals,62212,190000,252212,H01,Health Professionals,62212,190000,252212,H01,Health Professionals,62212,190000,252212,H01,Health Professionals,62212,190000,252212,H01,Health Professionals,62212,190000,252212,H01,Health Professionals,62212,190000,252212
John Bergman (R),N00039533,2020,3/22/2021,W06,Retired,217858,0,217858,W06,Retired,217858,0,217858,W06,Retired,217858,0,217858,W06,Retired,217858,0,217858,W06,Retired,217858,0,217858,W06,Retired,217858,0,217858,W06,Retired,217858,0,217858,W06,Retired,217858,0,217858,W06,Retired,217858,0,217858,W06,Retired,217858,0,217858
Jaime Herrera Beutler (R),N00031559,2020,3/22/2021,W06,Retired,588872,0,588872,W06,Retired,588872,0,588872,W06,Retired,588872,0,588872,W06,Retired,588872,0,588872,W06,Retired,588872,0,588872,W06,Retired,588872,0,588872,W06,Retired,588872,0,588872,W06,Retired,588872,0,588872,W06,Retired,588872,0,588872,W06,Retired,588872,0,588872
Don Beyer (D),N00036018,2020,3/22/2021,K01,Lawyers/Law Firms,125705,17700,143405,K01,Lawyers/Law Firms,125705,17700,143405,K01,Lawyers/Law Firms,125705,17700,143405,K01,Lawyers/Law Firms,125705,17700,143405,K01,Lawyers/Law Firms,125705,17700,143405,K01,Lawyers/Law Firms,125705,17700,143405,K01,Lawyers/Law Firms,125705,17700,143405,K01,Lawyers/Law Firms,125705,17700,143405,K01,Lawyers/Law Firms,125705,17700,143405,K01,Lawyers/Law Firms,125705,17700,143405
Andy Biggs (R),N00039293,2020,3/22/2021,Q01,Republican/Conservative,162673,17600,180273,Q01,Republican/Conservative,162673,17600,180273,Q01,Republican/Conservative,162673,17600,180273,Q01,Republican/Conservative,162673,17600,180273,Q01,Republican/Conservative,162673,17600,180273,Q01,Republican/Conservative,162673,17600,180273,Q01,Republican/Conservative,162673,17600,180273,Q01,Republican/Conservative,162673,17600,180273,Q01,Republican/Conservative,162673,17600,180273,Q01,Republican/Conservative,162673,17600,180273
Gus Bilirakis (R),N00027462,2020,3/22/2021,H01,Health Professionals,72352,162500,234852,H01,Health Professionals,72352,162500,234852,H01,Health Professionals,72352,162500,234852,H01,Health Professionals,72352,162500,234852,H01,Health Professionals,72352,162500,234852,H01,Health Professionals,72352,162500,234852,H01,Health Professionals,72352,162500,234852,H01,Health Professionals,72352,162500,234852,H01,Health Professionals,72352,162500,234852,H01,Health Professionals,72352,162500,234852
Dan Bishop (R),N00044335,2020,3/22/2021,W06,Retired,485588,0,485588,W06,Retired,485588,0,485588,W06,Retired,485588,0,485588,W06,Retired,485588,0,485588,W06,Retired,485588,0,485588,W06,Retired,485588,0,485588,W06,Retired,485588,0,485588,W06,Retired,485588,0,485588,W06,Retired,485588,0,485588,W06,Retired,485588,0,485588
Rob Bishop (R),N00025292,2020,3/22/2021,F09,Insurance,0,5000,5000,F09,Insurance,0,5000,5000,F09,Insurance,0,5000,5000,F09,Insurance,0,5000,5000,F09,Insurance,0,5000,5000,F09,Insurance,0,5000,5000,F09,Insurance,0,5000,5000,F09,Insurance,0,5000,5000,F09,Insurance,0,5000,5000,F09,Insurance,0,5000,5000
Sanford Bishop (D),N00002674,2020,3/22/2021,A01,Crop Production & Basic Processing,45100,118100,163200,A01,Crop Production & Basic Processing,45100,118100,163200,A01,Crop Production & Basic Processing,45100,118100,163200,A01,Crop Production & Basic Processing,45100,118100,163200,A01,Crop Production & Basic Processing,45100,118100,163200,A01,Crop Production & Basic Processing,45100,118100,163200,A01,Crop Production & Basic Processing,45100,118100,163200,A01,Crop Production & Basic Processing,45100,118100,163200,A01,Crop Production & Basic Processing,45100,118100,163200,A01,Crop Production & Basic Processing,45100,118100,163200
Marsha Blackburn (R),N00003105,2020,3/22/2021,W06,Retired,1946194,0,1946194,W06,Retired,1946194,0,1946194,W06,Retired,1946194,0,1946194,W06,Retired,1946194,0,1946194,W06,Retired,1946194,0,1946194,W06,Retired,1946194,0,1946194,W06,Retired,1946194,0,1946194,W06,Retired,1946194,0,1946194,W06,Retired,1946194,0,1946194,W06,Retired,1946194,0,1946194
Earl Blumenauer (D),N00007727,2020,3/22/2021,H01,Health Professionals,20600,105000,125600,H01,Health Professionals,20600,105000,125600,H01,Health Professionals,20600,105000,125600,H01,Health Professionals,20600,105000,125600,H01,Health Professionals,20600,105000,125600,H01,Health Professionals,20600,105000,125600,H01,Health Professionals,20600,105000,125600,H01,Health Professionals,20600,105000,125600,H01,Health Professionals,20600,105000,125600,H01,Health Professionals,20600,105000,125600
Richard Blumenthal (D),N00031685,2020,3/22/2021,K01,Lawyers/Law Firms,1103098,123841,1226939,K01,Lawyers/Law Firms,1103098,123841,1226939,K01,Lawyers/Law Firms,1103098,123841,1226939,K01,Lawyers/Law Firms,1103098,123841,1226939,K01,Lawyers/Law Firms,1103098,123841,1226939,K01,Lawyers/Law Firms,1103098,123841,1226939,K01,Lawyers/Law Firms,1103098,123841,1226939,K01,Lawyers/Law Firms,1103098,123841,1226939,K01,Lawyers/Law Firms,1103098,123841,1226939,K01,Lawyers/Law Firms,1103098,123841,1226939
Roy Blunt (R),N00005195,2020,3/22/2021,F07,Securities & Investment,703177,113300,816477,F07,Securities & Investment,703177,113300,816477,F07,Securities & Investment,703177,113300,816477,F07,Securities & Investment,703177,113300,816477,F07,Securities & Investment,703177,113300,816477,F07,Securities & Investment,703177,113300,816477,F07,Securities & Investment,703177,113300,816477,F07,Securities & Investment,703177,113300,816477,F07,Securities & Investment,703177,113300,816477,F07,Securities & Investment,703177,113300,816477
Suzanne Bonamici (D),N00033474,2020,3/22/2021,W06,Retired,86632,0,86632,W06,Retired,86632,0,86632,W06,Retired,86632,0,86632,W06,Retired,86632,0,86632,W06,Retired,86632,0,86632,W06,Retired,86632,0,86632,W06,Retired,86632,0,86632,W06,Retired,86632,0,86632,W06,Retired,86632,0,86632,W06,Retired,86632,0,86632
Cory Booker (D),N00035267,2020,3/22/2021,K01,Lawyers/Law Firms,1116916,55800,1172716,K01,Lawyers/Law Firms,1116916,55800,1172716,K01,Lawyers/Law Firms,1116916,55800,1172716,K01,Lawyers/Law Firms,1116916,55800,1172716,K01,Lawyers/Law Firms,1116916,55800,1172716,K01,Lawyers/Law Firms,1116916,55800,1172716,K01,Lawyers/Law Firms,1116916,55800,1172716,K01,Lawyers/Law Firms,1116916,55800,1172716,K01,Lawyers/Law Firms,1116916,55800,1172716,K01,Lawyers/Law Firms,1116916,55800,1172716
John Boozman (R),N00013873,2020,3/22/2021,Q03,Leadership PACs,0,369784,369784,Q03,Leadership PACs,0,369784,369784,Q03,Leadership PACs,0,369784,369784,Q03,Leadership PACs,0,369784,369784,Q03,Leadership PACs,0,369784,369784,Q03,Leadership PACs,0,369784,369784,Q03,Leadership PACs,0,369784,369784,Q03,Leadership PACs,0,369784,369784,Q03,Leadership PACs,0,369784,369784,Q03,Leadership PACs,0,369784,369784
Mike Bost (R),N00035420,2020,3/22/2021,W06,Retired,111396,0,111396,W06,Retired,111396,0,111396,W06,Retired,111396,0,111396,W06,Retired,111396,0,111396,W06,Retired,111396,0,111396,W06,Retired,111396,0,111396,W06,Retired,111396,0,111396,W06,Retired,111396,0,111396,W06,Retired,111396,0,111396,W06,Retired,111396,0,111396
Brendan Boyle (D),N00035307,2020,3/22/2021,F09,Insurance,6799,118500,125299,F09,Insurance,6799,118500,125299,F09,Insurance,6799,118500,125299,F09,Insurance,6799,118500,125299,F09,Insurance,6799,118500,125299,F09,Insurance,6799,118500,125299,F09,Insurance,6799,118500,125299,F09,Insurance,6799,118500,125299,F09,Insurance,6799,118500,125299,F09,Insurance,6799,118500,125299
Kevin Brady (R),N00005883,2020,3/22/2021,F07,Securities & Investment,184050,109500,293550,F07,Securities & Investment,184050,109500,293550,F07,Securities & Investment,184050,109500,293550,F07,Securities & Investment,184050,109500,293550,F07,Securities & Investment,184050,109500,293550,F07,Securities & Investment,184050,109500,293550,F07,Securities & Investment,184050,109500,293550,F07,Securities & Investment,184050,109500,293550,F07,Securities & Investment,184050,109500,293550,F07,Securities & Investment,184050,109500,293550
Mike Braun (R),N00041731,2020,3/22/2021,W06,Retired,865922,0,865922,W06,Retired,865922,0,865922,W06,Retired,865922,0,865922,W06,Retired,865922,0,865922,W06,Retired,865922,0,865922,W06,Retired,865922,0,865922,W06,Retired,865922,0,865922,W06,Retired,865922,0,865922,W06,Retired,865922,0,865922,W06,Retired,865922,0,865922
Anthony Brindisi (D),N00041385,2020,3/22/2021,Q02,Democratic/Liberal,414977,63387,478364,Q02,Democratic/Liberal,414977,63387,478364,Q02,Democratic/Liberal,414977,63387,478364,Q02,Democratic/Liberal,414977,63387,478364,Q02,Democratic/Liberal,414977,63387,478364,Q02,Democratic/Liberal,414977,63387,478364,Q02,Democratic/Liberal,414977,63387,478364,Q02,Democratic/Liberal,414977,63387,478364,Q02,Democratic/Liberal,414977,63387,478364,Q02,Democratic/Liberal,414977,63387,478364
Mo Brooks (R),N00030910,2020,3/22/2021,D03,Misc Defense,45710,24300,70010,D03,Misc Defense,45710,24300,70010,D03,Misc Defense,45710,24300,70010,D03,Misc Defense,45710,24300,70010,D03,Misc Defense,45710,24300,70010,D03,Misc Defense,45710,24300,70010,D03,Misc Defense,45710,24300,70010,D03,Misc Defense,45710,24300,70010,D03,Misc Defense,45710,24300,70010,D03,Misc Defense,45710,24300,70010
Susan Brooks (R),N00033495,2020,3/22/2021,Q03,Leadership PACs,0,22800,22800,Q03,Leadership PACs,0,22800,22800,Q03,Leadership PACs,0,22800,22800,Q03,Leadership PACs,0,22800,22800,Q03,Leadership PACs,0,22800,22800,Q03,Leadership PACs,0,22800,22800,Q03,Leadership PACs,0,22800,22800,Q03,Leadership PACs,0,22800,22800,Q03,Leadership PACs,0,22800,22800,Q03,Leadership PACs,0,22800,22800
Anthony Brown (D),N00036999,2020,3/22/2021,P03,Transportation Unions,0,91250,91250,P03,Transportation Unions,0,91250,91250,P03,Transportation Unions,0,91250,91250,P03,Transportation Unions,0,91250,91250,P03,Transportation Unions,0,91250,91250,P03,Transportation Unions,0,91250,91250,P03,Transportation Unions,0,91250,91250,P03,Transportation Unions,0,91250,91250,P03,Transportation Unions,0,91250,91250,P03,Transportation Unions,0,91250,91250
Sherrod Brown (D),N00003535,2020,3/22/2021,W06,Retired,3211363,0,3211363,W06,Retired,3211363,0,3211363,W06,Retired,3211363,0,3211363,W06,Retired,3211363,0,3211363,W06,Retired,3211363,0,3211363,W06,Retired,3211363,0,3211363,W06,Retired,3211363,0,3211363,W06,Retired,3211363,0,3211363,W06,Retired,3211363,0,3211363,W06,Retired,3211363,0,3211363
Julia Brownley (D),N00034254,2020,3/22/2021,W06,Retired,250666,0,250666,W06,Retired,250666,0,250666,W06,Retired,250666,0,250666,W06,Retired,250666,0,250666,W06,Retired,250666,0,250666,W06,Retired,250666,0,250666,W06,Retired,250666,0,250666,W06,Retired,250666,0,250666,W06,Retired,250666,0,250666,W06,Retired,250666,0,250666
Vernon Buchanan (R),N00027626,2020,3/22/2021,W06,Retired,252656,0,252656,W06,Retired,252656,0,252656,W06,Retired,252656,0,252656,W06,Retired,252656,0,252656,W06,Retired,252656,0,252656,W06,Retired,252656,0,252656,W06,Retired,252656,0,252656,W06,Retired,252656,0,252656,W06,Retired,252656,0,252656,W06,Retired,252656,0,252656
Ken Buck (R),N00030829,2020,3/22/2021,B09,Telecom Services,11400,26000,37400,B09,Telecom Services,11400,26000,37400,B09,Telecom Services,11400,26000,37400,B09,Telecom Services,11400,26000,37400,B09,Telecom Services,11400,26000,37400,B09,Telecom Services,11400,26000,37400,B09,Telecom Services,11400,26000,37400,B09,Telecom Services,11400,26000,37400,B09,Telecom Services,11400,26000,37400,B09,Telecom Services,11400,26000,37400
Larry Bucshon (R),N00031227,2020,3/22/2021,H01,Health Professionals,49125,183300,232425,H01,Health Professionals,49125,183300,232425,H01,Health Professionals,49125,183300,232425,H01,Health Professionals,49125,183300,232425,H01,Health Professionals,49125,183300,232425,H01,Health Professionals,49125,183300,232425,H01,Health Professionals,49125,183300,232425,H01,Health Professionals,49125,183300,232425,H01,Health Professionals,49125,183300,232425,H01,Health Professionals,49125,183300,232425
Ted Budd (R),N00039551,2020,3/22/2021,Q01,Republican/Conservative,255715,12500,268215,Q01,Republican/Conservative,255715,12500,268215,Q01,Republican/Conservative,255715,12500,268215,Q01,Republican/Conservative,255715,12500,268215,Q01,Republican/Conservative,255715,12500,268215,Q01,Republican/Conservative,255715,12500,268215,Q01,Republican/Conservative,255715,12500,268215,Q01,Republican/Conservative,255715,12500,268215,Q01,Republican/Conservative,255715,12500,268215,Q01,Republican/Conservative,255715,12500,268215
Tim Burchett (R),N00041594,2020,3/22/2021,W06,Retired,119479,0,119479,W06,Retired,119479,0,119479,W06,Retired,119479,0,119479,W06,Retired,119479,0,119479,W06,Retired,119479,0,119479,W06,Retired,119479,0,119479,W06,Retired,119479,0,119479,W06,Retired,119479,0,119479,W06,Retired,119479,0,119479,W06,Retired,119479,0,119479
Michael Burgess (R),N00025219,2020,3/22/2021,H01,Health Professionals,174276,283500,457776,H01,Health Professionals,174276,283500,457776,H01,Health Professionals,174276,283500,457776,H01,Health Professionals,174276,283500,457776,H01,Health Professionals,174276,283500,457776,H01,Health Professionals,174276,283500,457776,H01,Health Professionals,174276,283500,457776,H01,Health Professionals,174276,283500,457776,H01,Health Professionals,174276,283500,457776,H01,Health Professionals,174276,283500,457776
Richard Burr (R),N00002221,2020,3/22/2021,F07,Securities & Investment,686946,154500,841446,F07,Securities & Investment,686946,154500,841446,F07,Securities & Investment,686946,154500,841446,F07,Securities & Investment,686946,154500,841446,F07,Securities & Investment,686946,154500,841446,F07,Securities & Investment,686946,154500,841446,F07,Securities & Investment,686946,154500,841446,F07,Securities & Investment,686946,154500,841446,F07,Securities & Investment,686946,154500,841446,F07,Securities & Investment,686946,154500,841446
Cheri Bustos (D),N00033390,2020,3/22/2021,W06,Retired,362429,0,362429,W06,Retired,362429,0,362429,W06,Retired,362429,0,362429,W06,Retired,362429,0,362429,W06,Retired,362429,0,362429,W06,Retired,362429,0,362429,W06,Retired,362429,0,362429,W06,Retired,362429,0,362429,W06,Retired,362429,0,362429,W06,Retired,362429,0,362429
G K Butterfield (D),N00027035,2020,3/22/2021,H04,Pharmaceuticals/Health Products,2800,104000,106800,H04,Pharmaceuticals/Health Products,2800,104000,106800,H04,Pharmaceuticals/Health Products,2800,104000,106800,H04,Pharmaceuticals/Health Products,2800,104000,106800,H04,Pharmaceuticals/Health Products,2800,104000,106800,H04,Pharmaceuticals/Health Products,2800,104000,106800,H04,Pharmaceuticals/Health Products,2800,104000,106800,H04,Pharmaceuticals/Health Products,2800,104000,106800,H04,Pharmaceuticals/Health Products,2800,104000,106800,H04,Pharmaceuticals/Health Products,2800,104000,106800
Ken Calvert (R),N00007099,2020,3/22/2021,D03,Misc Defense,64850,68000,132850,D03,Misc Defense,64850,68000,132850,D03,Misc Defense,64850,68000,132850,D03,Misc Defense,64850,68000,132850,D03,Misc Defense,64850,68000,132850,D03,Misc Defense,64850,68000,132850,D03,Misc Defense,64850,68000,132850,D03,Misc Defense,64850,68000,132850,D03,Misc Defense,64850,68000,132850,D03,Misc Defense,64850,68000,132850
Maria Cantwell (D),N00007836,2020,3/22/2021,W06,Retired,1370812,0,1370812,W06,Retired,1370812,0,1370812,W06,Retired,1370812,0,1370812,W06,Retired,1370812,0,1370812,W06,Retired,1370812,0,1370812,W06,Retired,1370812,0,1370812,W06,Retired,1370812,0,1370812,W06,Retired,1370812,0,1370812,W06,Retired,1370812,0,1370812,W06,Retired,1370812,0,1370812
Shelley Moore Capito (R),N00009771,2020,3/22/2021,W06,Retired,540745,0,540745,W06,Retired,540745,0,540745,W06,Retired,540745,0,540745,W06,Retired,540745,0,540745,W06,Retired,540745,0,540745,W06,Retired,540745,0,540745,W06,Retired,540745,0,540745,W06,Retired,540745,0,540745,W06,Retired,540745,0,540745,W06,Retired,540745,0,540745
Salud Carbajal (D),N00037015,2020,3/22/2021,W06,Retired,247400,0,247400,W06,Retired,247400,0,247400,W06,Retired,247400,0,247400,W06,Retired,247400,0,247400,W06,Retired,247400,0,247400,W06,Retired,247400,0,247400,W06,Retired,247400,0,247400,W06,Retired,247400,0,247400,W06,Retired,247400,0,247400,W06,Retired,247400,0,247400
Tony Cardenas (D),N00033373,2020,3/22/2021,H04,Pharmaceuticals/Health Products,17085,127650,144735,H04,Pharmaceuticals/Health Products,17085,127650,144735,H04,Pharmaceuticals/Health Products,17085,127650,144735,H04,Pharmaceuticals/Health Products,17085,127650,144735,H04,Pharmaceuticals/Health Products,17085,127650,144735,H04,Pharmaceuticals/Health Products,17085,127650,144735,H04,Pharmaceuticals/Health Products,17085,127650,144735,H04,Pharmaceuticals/Health Products,17085,127650,144735,H04,Pharmaceuticals/Health Products,17085,127650,144735,H04,Pharmaceuticals/Health Products,17085,127650,144735
Ben Cardin (D),N00001955,2020,3/22/2021,F09,Insurance,88735,234500,323235,F09,Insurance,88735,234500,323235,F09,Insurance,88735,234500,323235,F09,Insurance,88735,234500,323235,F09,Insurance,88735,234500,323235,F09,Insurance,88735,234500,323235,F09,Insurance,88735,234500,323235,F09,Insurance,88735,234500,323235,F09,Insurance,88735,234500,323235,F09,Insurance,88735,234500,323235
Tom Carper (D),N00012508,2020,3/22/2021,F09,Insurance,122723,263000,385723,F09,Insurance,122723,263000,385723,F09,Insurance,122723,263000,385723,F09,Insurance,122723,263000,385723,F09,Insurance,122723,263000,385723,F09,Insurance,122723,263000,385723,F09,Insurance,122723,263000,385723,F09,Insurance,122723,263000,385723,F09,Insurance,122723,263000,385723,F09,Insurance,122723,263000,385723
Andre Carson (D),N00029513,2020,3/22/2021,K01,Lawyers/Law Firms,46477,11000,57477,K01,Lawyers/Law Firms,46477,11000,57477,K01,Lawyers/Law Firms,46477,11000,57477,K01,Lawyers/Law Firms,46477,11000,57477,K01,Lawyers/Law Firms,46477,11000,57477,K01,Lawyers/Law Firms,46477,11000,57477,K01,Lawyers/Law Firms,46477,11000,57477,K01,Lawyers/Law Firms,46477,11000,57477,K01,Lawyers/Law Firms,46477,11000,57477,K01,Lawyers/Law Firms,46477,11000,57477
Buddy Carter (R),N00035346,2020,3/22/2021,H01,Health Professionals,71308,187687,258995,H01,Health Professionals,71308,187687,258995,H01,Health Professionals,71308,187687,258995,H01,Health Professionals,71308,187687,258995,H01,Health Professionals,71308,187687,258995,H01,Health Professionals,71308,187687,258995,H01,Health Professionals,71308,187687,258995,H01,Health Professionals,71308,187687,258995,H01,Health Professionals,71308,187687,258995,H01,Health Professionals,71308,187687,258995
John Carter (R),N00025095,2020,3/22/2021,W06,Retired,215842,0,215842,W06,Retired,215842,0,215842,W06,Retired,215842,0,215842,W06,Retired,215842,0,215842,W06,Retired,215842,0,215842,W06,Retired,215842,0,215842,W06,Retired,215842,0,215842,W06,Retired,215842,0,215842,W06,Retired,215842,0,215842,W06,Retired,215842,0,215842
Matt Cartwright (D),N00034128,2020,3/22/2021,K01,Lawyers/Law Firms,741379,21750,763129,K01,Lawyers/Law Firms,741379,21750,763129,K01,Lawyers/Law Firms,741379,21750,763129,K01,Lawyers/Law Firms,741379,21750,763129,K01,Lawyers/Law Firms,741379,21750,763129,K01,Lawyers/Law Firms,741379,21750,763129,K01,Lawyers/Law Firms,741379,21750,763129,K01,Lawyers/Law Firms,741379,21750,763129,K01,Lawyers/Law Firms,741379,21750,763129,K01,Lawyers/Law Firms,741379,21750,763129
Ed Case (D),N00025882,2020,3/22/2021,Q02,Democratic/Liberal,17600,20000,37600,Q02,Democratic/Liberal,17600,20000,37600,Q02,Democratic/Liberal,17600,20000,37600,Q02,Democratic/Liberal,17600,20000,37600,Q02,Democratic/Liberal,17600,20000,37600,Q02,Democratic/Liberal,17600,20000,37600,Q02,Democratic/Liberal,17600,20000,37600,Q02,Democratic/Liberal,17600,20000,37600,Q02,Democratic/Liberal,17600,20000,37600,Q02,Democratic/Liberal,17600,20000,37600
Bob Casey (D),N00027503,2020,3/22/2021,K01,Lawyers/Law Firms,4448241,184444,4632685,K01,Lawyers/Law Firms,4448241,184444,4632685,K01,Lawyers/Law Firms,4448241,184444,4632685,K01,Lawyers/Law Firms,4448241,184444,4632685,K01,Lawyers/Law Firms,4448241,184444,4632685,K01,Lawyers/Law Firms,4448241,184444,4632685,K01,Lawyers/Law Firms,4448241,184444,4632685,K01,Lawyers/Law Firms,4448241,184444,4632685,K01,Lawyers/Law Firms,4448241,184444,4632685,K01,Lawyers/Law Firms,4448241,184444,4632685
Bill Cassidy (R),N00030245,2020,3/22/2021,H01,Health Professionals,796605,325189,1121794,H01,Health Professionals,796605,325189,1121794,H01,Health Professionals,796605,325189,1121794,H01,Health Professionals,796605,325189,1121794,H01,Health Professionals,796605,325189,1121794,H01,Health Professionals,796605,325189,1121794,H01,Health Professionals,796605,325189,1121794,H01,Health Professionals,796605,325189,1121794,H01,Health Professionals,796605,325189,1121794,H01,Health Professionals,796605,325189,1121794
Sean Casten (D),N00041338,2020,3/22/2021,W06,Retired,473861,0,473861,W06,Retired,473861,0,473861,W06,Retired,473861,0,473861,W06,Retired,473861,0,473861,W06,Retired,473861,0,473861,W06,Retired,473861,0,473861,W06,Retired,473861,0,473861,W06,Retired,473861,0,473861,W06,Retired,473861,0,473861,W06,Retired,473861,0,473861
Kathy Castor (D),N00027514,2020,3/22/2021,H01,Health Professionals,6918,85500,92418,H01,Health Professionals,6918,85500,92418,H01,Health Professionals,6918,85500,92418,H01,Health Professionals,6918,85500,92418,H01,Health Professionals,6918,85500,92418,H01,Health Professionals,6918,85500,92418,H01,Health Professionals,6918,85500,92418,H01,Health Professionals,6918,85500,92418,H01,Health Professionals,6918,85500,92418,H01,Health Professionals,6918,85500,92418
Joaquin Castro (D),N00033316,2020,3/22/2021,K01,Lawyers/Law Firms,46842,10000,56842,K01,Lawyers/Law Firms,46842,10000,56842,K01,Lawyers/Law Firms,46842,10000,56842,K01,Lawyers/Law Firms,46842,10000,56842,K01,Lawyers/Law Firms,46842,10000,56842,K01,Lawyers/Law Firms,46842,10000,56842,K01,Lawyers/Law Firms,46842,10000,56842,K01,Lawyers/Law Firms,46842,10000,56842,K01,Lawyers/Law Firms,46842,10000,56842,K01,Lawyers/Law Firms,46842,10000,56842
Steve Chabot (R),N00003689,2020,3/22/2021,W06,Retired,340527,0,340527,W06,Retired,340527,0,340527,W06,Retired,340527,0,340527,W06,Retired,340527,0,340527,W06,Retired,340527,0,340527,W06,Retired,340527,0,340527,W06,Retired,340527,0,340527,W06,Retired,340527,0,340527,W06,Retired,340527,0,340527,W06,Retired,340527,0,340527
Liz Cheney (R),N00035504,2020,3/22/2021,W06,Retired,315490,0,315490,W06,Retired,315490,0,315490,W06,Retired,315490,0,315490,W06,Retired,315490,0,315490,W06,Retired,315490,0,315490,W06,Retired,315490,0,315490,W06,Retired,315490,0,315490,W06,Retired,315490,0,315490,W06,Retired,315490,0,315490,W06,Retired,315490,0,315490
Judy Chu (D),N00030600,2020,3/22/2021,H01,Health Professionals,53851,67025,120876,H01,Health Professionals,53851,67025,120876,H01,Health Professionals,53851,67025,120876,H01,Health Professionals,53851,67025,120876,H01,Health Professionals,53851,67025,120876,H01,Health Professionals,53851,67025,120876,H01,Health Professionals,53851,67025,120876,H01,Health Professionals,53851,67025,120876,H01,Health Professionals,53851,67025,120876,H01,Health Professionals,53851,67025,120876
David Cicilline (D),N00032019,2020,3/22/2021,W06,Retired,123103,0,123103,W06,Retired,123103,0,123103,W06,Retired,123103,0,123103,W06,Retired,123103,0,123103,W06,Retired,123103,0,123103,W06,Retired,123103,0,123103,W06,Retired,123103,0,123103,W06,Retired,123103,0,123103,W06,Retired,123103,0,123103,W06,Retired,123103,0,123103
Gil Cisneros (D),N00041464,2020,3/22/2021,Q03,Leadership PACs,24132,334752,358884,Q03,Leadership PACs,24132,334752,358884,Q03,Leadership PACs,24132,334752,358884,Q03,Leadership PACs,24132,334752,358884,Q03,Leadership PACs,24132,334752,358884,Q03,Leadership PACs,24132,334752,358884,Q03,Leadership PACs,24132,334752,358884,Q03,Leadership PACs,24132,334752,358884,Q03,Leadership PACs,24132,334752,358884,Q03,Leadership PACs,24132,334752,358884
Katherine Clark (D),N00035278,2020,3/22/2021,H04,Pharmaceuticals/Health Products,18965,108500,127465,H04,Pharmaceuticals/Health Products,18965,108500,127465,H04,Pharmaceuticals/Health Products,18965,108500,127465,H04,Pharmaceuticals/Health Products,18965,108500,127465,H04,Pharmaceuticals/Health Products,18965,108500,127465,H04,Pharmaceuticals/Health Products,18965,108500,127465,H04,Pharmaceuticals/Health Products,18965,108500,127465,H04,Pharmaceuticals/Health Products,18965,108500,127465,H04,Pharmaceuticals/Health Products,18965,108500,127465,H04,Pharmaceuticals/Health Products,18965,108500,127465
Yvette D Clarke (D),N00026961,2020,3/22/2021,Q03,Leadership PACs,4500,111756,116256,Q03,Leadership PACs,4500,111756,116256,Q03,Leadership PACs,4500,111756,116256,Q03,Leadership PACs,4500,111756,116256,Q03,Leadership PACs,4500,111756,116256,Q03,Leadership PACs,4500,111756,116256,Q03,Leadership PACs,4500,111756,116256,Q03,Leadership PACs,4500,111756,116256,Q03,Leadership PACs,4500,111756,116256,Q03,Leadership PACs,4500,111756,116256
William L Clay Jr. (D),N00012460,2020,3/22/2021,F09,Insurance,3615,136500,140115,F09,Insurance,3615,136500,140115,F09,Insurance,3615,136500,140115,F09,Insurance,3615,136500,140115,F09,Insurance,3615,136500,140115,F09,Insurance,3615,136500,140115,F09,Insurance,3615,136500,140115,F09,Insurance,3615,136500,140115,F09,Insurance,3615,136500,140115,F09,Insurance,3615,136500,140115
Emanuel Cleaver (D),N00026790,2020,3/22/2021,F09,Insurance,2790,209000,211790,F09,Insurance,2790,209000,211790,F09,Insurance,2790,209000,211790,F09,Insurance,2790,209000,211790,F09,Insurance,2790,209000,211790,F09,Insurance,2790,209000,211790,F09,Insurance,2790,209000,211790,F09,Insurance,2790,209000,211790,F09,Insurance,2790,209000,211790,F09,Insurance,2790,209000,211790
Ben Cline (R),N00042296,2020,3/22/2021,W06,Retired,84831,0,84831,W06,Retired,84831,0,84831,W06,Retired,84831,0,84831,W06,Retired,84831,0,84831,W06,Retired,84831,0,84831,W06,Retired,84831,0,84831,W06,Retired,84831,0,84831,W06,Retired,84831,0,84831,W06,Retired,84831,0,84831,W06,Retired,84831,0,84831
Michael Cloud (R),N00041882,2020,3/22/2021,W06,Retired,69193,0,69193,W06,Retired,69193,0,69193,W06,Retired,69193,0,69193,W06,Retired,69193,0,69193,W06,Retired,69193,0,69193,W06,Retired,69193,0,69193,W06,Retired,69193,0,69193,W06,Retired,69193,0,69193,W06,Retired,69193,0,69193,W06,Retired,69193,0,69193
James E Clyburn (D),N00002408,2020,3/22/2021,K01,Lawyers/Law Firms,178187,65000,243187,K01,Lawyers/Law Firms,178187,65000,243187,K01,Lawyers/Law Firms,178187,65000,243187,K01,Lawyers/Law Firms,178187,65000,243187,K01,Lawyers/Law Firms,178187,65000,243187,K01,Lawyers/Law Firms,178187,65000,243187,K01,Lawyers/Law Firms,178187,65000,243187,K01,Lawyers/Law Firms,178187,65000,243187,K01,Lawyers/Law Firms,178187,65000,243187,K01,Lawyers/Law Firms,178187,65000,243187
Steve Cohen (D),N00003225,2020,3/22/2021,P02,Industrial Unions,0,45000,45000,P02,Industrial Unions,0,45000,45000,P02,Industrial Unions,0,45000,45000,P02,Industrial Unions,0,45000,45000,P02,Industrial Unions,0,45000,45000,P02,Industrial Unions,0,45000,45000,P02,Industrial Unions,0,45000,45000,P02,Industrial Unions,0,45000,45000,P02,Industrial Unions,0,45000,45000,P02,Industrial Unions,0,45000,45000
Tom Cole (R),N00025726,2020,3/22/2021,Q09,Human Rights,174250,17400,191650,Q09,Human Rights,174250,17400,191650,Q09,Human Rights,174250,17400,191650,Q09,Human Rights,174250,17400,191650,Q09,Human Rights,174250,17400,191650,Q09,Human Rights,174250,17400,191650,Q09,Human Rights,174250,17400,191650,Q09,Human Rights,174250,17400,191650,Q09,Human Rights,174250,17400,191650,Q09,Human Rights,174250,17400,191650
Bonnie Watson Coleman (D),N00036158,2020,3/22/2021,H04,Pharmaceuticals/Health Products,8305,64500,72805,H04,Pharmaceuticals/Health Products,8305,64500,72805,H04,Pharmaceuticals/Health Products,8305,64500,72805,H04,Pharmaceuticals/Health Products,8305,64500,72805,H04,Pharmaceuticals/Health Products,8305,64500,72805,H04,Pharmaceuticals/Health Products,8305,64500,72805,H04,Pharmaceuticals/Health Products,8305,64500,72805,H04,Pharmaceuticals/Health Products,8305,64500,72805,H04,Pharmaceuticals/Health Products,8305,64500,72805,H04,Pharmaceuticals/Health Products,8305,64500,72805
Chris Collins (R),N00001285,2020,3/22/2021,Q01,Republican/Conservative,1300,6000,7300,Q01,Republican/Conservative,1300,6000,7300,Q01,Republican/Conservative,1300,6000,7300,Q01,Republican/Conservative,1300,6000,7300,Q01,Republican/Conservative,1300,6000,7300,Q01,Republican/Conservative,1300,6000,7300,Q01,Republican/Conservative,1300,6000,7300,Q01,Republican/Conservative,1300,6000,7300,Q01,Republican/Conservative,1300,6000,7300,Q01,Republican/Conservative,1300,6000,7300
Doug Collins (R),N00033518,2020,3/22/2021,W06,Retired,1047775,0,1047775,W06,Retired,1047775,0,1047775,W06,Retired,1047775,0,1047775,W06,Retired,1047775,0,1047775,W06,Retired,1047775,0,1047775,W06,Retired,1047775,0,1047775,W06,Retired,1047775,0,1047775,W06,Retired,1047775,0,1047775,W06,Retired,1047775,0,1047775,W06,Retired,1047775,0,1047775
Susan Collins (R),N00000491,2020,3/22/2021,W06,Retired,6562295,0,6562295,W06,Retired,6562295,0,6562295,W06,Retired,6562295,0,6562295,W06,Retired,6562295,0,6562295,W06,Retired,6562295,0,6562295,W06,Retired,6562295,0,6562295,W06,Retired,6562295,0,6562295,W06,Retired,6562295,0,6562295,W06,Retired,6562295,0,6562295,W06,Retired,6562295,0,6562295
James Comer (R),N00038260,2020,3/22/2021,A01,Crop Production & Basic Processing,27025,41000,68025,A01,Crop Production & Basic Processing,27025,41000,68025,A01,Crop Production & Basic Processing,27025,41000,68025,A01,Crop Production & Basic Processing,27025,41000,68025,A01,Crop Production & Basic Processing,27025,41000,68025,A01,Crop Production & Basic Processing,27025,41000,68025,A01,Crop Production & Basic Processing,27025,41000,68025,A01,Crop Production & Basic Processing,27025,41000,68025,A01,Crop Production & Basic Processing,27025,41000,68025,A01,Crop Production & Basic Processing,27025,41000,68025
Mike Conaway (R),N00026041,2020,3/22/2021,W06,Retired,36084,0,36084,W06,Retired,36084,0,36084,W06,Retired,36084,0,36084,W06,Retired,36084,0,36084,W06,Retired,36084,0,36084,W06,Retired,36084,0,36084,W06,Retired,36084,0,36084,W06,Retired,36084,0,36084,W06,Retired,36084,0,36084,W06,Retired,36084,0,36084
Gerry Connolly (D),N00029891,2020,3/22/2021,W06,Retired,139038,0,139038,W06,Retired,139038,0,139038,W06,Retired,139038,0,139038,W06,Retired,139038,0,139038,W06,Retired,139038,0,139038,W06,Retired,139038,0,139038,W06,Retired,139038,0,139038,W06,Retired,139038,0,139038,W06,Retired,139038,0,139038,W06,Retired,139038,0,139038
Paul Cook (R),N00034224,2020,3/22/2021,N07,Casinos/Gambling,43200,0,43200,N07,Casinos/Gambling,43200,0,43200,N07,Casinos/Gambling,43200,0,43200,N07,Casinos/Gambling,43200,0,43200,N07,Casinos/Gambling,43200,0,43200,N07,Casinos/Gambling,43200,0,43200,N07,Casinos/Gambling,43200,0,43200,N07,Casinos/Gambling,43200,0,43200,N07,Casinos/Gambling,43200,0,43200,N07,Casinos/Gambling,43200,0,43200
Chris Coons (D),N00031820,2020,3/22/2021,K01,Lawyers/Law Firms,732587,127750,860337,K01,Lawyers/Law Firms,732587,127750,860337,K01,Lawyers/Law Firms,732587,127750,860337,K01,Lawyers/Law Firms,732587,127750,860337,K01,Lawyers/Law Firms,732587,127750,860337,K01,Lawyers/Law Firms,732587,127750,860337,K01,Lawyers/Law Firms,732587,127750,860337,K01,Lawyers/Law Firms,732587,127750,860337,K01,Lawyers/Law Firms,732587,127750,860337,K01,Lawyers/Law Firms,732587,127750,860337
Jim Cooper (D),N00003132,2020,3/22/2021,W06,Retired,78101,0,78101,W06,Retired,78101,0,78101,W06,Retired,78101,0,78101,W06,Retired,78101,0,78101,W06,Retired,78101,0,78101,W06,Retired,78101,0,78101,W06,Retired,78101,0,78101,W06,Retired,78101,0,78101,W06,Retired,78101,0,78101,W06,Retired,78101,0,78101
John Cornyn (R),N00024852,2020,3/22/2021,W06,Retired,5995336,0,5995336,W06,Retired,5995336,0,5995336,W06,Retired,5995336,0,5995336,W06,Retired,5995336,0,5995336,W06,Retired,5995336,0,5995336,W06,Retired,5995336,0,5995336,W06,Retired,5995336,0,5995336,W06,Retired,5995336,0,5995336,W06,Retired,5995336,0,5995336,W06,Retired,5995336,0,5995336
Lou Correa (D),N00037260,2020,3/22/2021,H04,Pharmaceuticals/Health Products,23125,75000,98125,H04,Pharmaceuticals/Health Products,23125,75000,98125,H04,Pharmaceuticals/Health Products,23125,75000,98125,H04,Pharmaceuticals/Health Products,23125,75000,98125,H04,Pharmaceuticals/Health Products,23125,75000,98125,H04,Pharmaceuticals/Health Products,23125,75000,98125,H04,Pharmaceuticals/Health Products,23125,75000,98125,H04,Pharmaceuticals/Health Products,23125,75000,98125,H04,Pharmaceuticals/Health Products,23125,75000,98125,H04,Pharmaceuticals/Health Products,23125,75000,98125
Jim Costa (D),N00026341,2020,3/22/2021,A01,Crop Production & Basic Processing,100099,125350,225449,A01,Crop Production & Basic Processing,100099,125350,225449,A01,Crop Production & Basic Processing,100099,125350,225449,A01,Crop Production & Basic Processing,100099,125350,225449,A01,Crop Production & Basic Processing,100099,125350,225449,A01,Crop Production & Basic Processing,100099,125350,225449,A01,Crop Production & Basic Processing,100099,125350,225449,A01,Crop Production & Basic Processing,100099,125350,225449,A01,Crop Production & Basic Processing,100099,125350,225449,A01,Crop Production & Basic Processing,100099,125350,225449
Tom Cotton (R),N00033363,2020,3/22/2021,W06,Retired,2477898,0,2477898,W06,Retired,2477898,0,2477898,W06,Retired,2477898,0,2477898,W06,Retired,2477898,0,2477898,W06,Retired,2477898,0,2477898,W06,Retired,2477898,0,2477898,W06,Retired,2477898,0,2477898,W06,Retired,2477898,0,2477898,W06,Retired,2477898,0,2477898,W06,Retired,2477898,0,2477898
Joe Courtney (D),N00024842,2020,3/22/2021,D03,Misc Defense,31605,43000,74605,D03,Misc Defense,31605,43000,74605,D03,Misc Defense,31605,43000,74605,D03,Misc Defense,31605,43000,74605,D03,Misc Defense,31605,43000,74605,D03,Misc Defense,31605,43000,74605,D03,Misc Defense,31605,43000,74605,D03,Misc Defense,31605,43000,74605,D03,Misc Defense,31605,43000,74605,D03,Misc Defense,31605,43000,74605
TJ Cox (D),N00028122,2020,3/22/2021,W06,Retired,593455,0,593455,W06,Retired,593455,0,593455,W06,Retired,593455,0,593455,W06,Retired,593455,0,593455,W06,Retired,593455,0,593455,W06,Retired,593455,0,593455,W06,Retired,593455,0,593455,W06,Retired,593455,0,593455,W06,Retired,593455,0,593455,W06,Retired,593455,0,593455
Angie Craig (D),N00037039,2020,3/22/2021,W06,Retired,532736,0,532736,W06,Retired,532736,0,532736,W06,Retired,532736,0,532736,W06,Retired,532736,0,532736,W06,Retired,532736,0,532736,W06,Retired,532736,0,532736,W06,Retired,532736,0,532736,W06,Retired,532736,0,532736,W06,Retired,532736,0,532736,W06,Retired,532736,0,532736
Kevin Cramer (R),N00004614,2020,3/22/2021,F07,Securities & Investment,465357,27500,492857,F07,Securities & Investment,465357,27500,492857,F07,Securities & Investment,465357,27500,492857,F07,Securities & Investment,465357,27500,492857,F07,Securities & Investment,465357,27500,492857,F07,Securities & Investment,465357,27500,492857,F07,Securities & Investment,465357,27500,492857,F07,Securities & Investment,465357,27500,492857,F07,Securities & Investment,465357,27500,492857,F07,Securities & Investment,465357,27500,492857
Mike Crapo (R),N00006267,2020,3/22/2021,F07,Securities & Investment,677650,363900,1041550,F07,Securities & Investment,677650,363900,1041550,F07,Securities & Investment,677650,363900,1041550,F07,Securities & Investment,677650,363900,1041550,F07,Securities & Investment,677650,363900,1041550,F07,Securities & Investment,677650,363900,1041550,F07,Securities & Investment,677650,363900,1041550,F07,Securities & Investment,677650,363900,1041550,F07,Securities & Investment,677650,363900,1041550,F07,Securities & Investment,677650,363900,1041550
Rick Crawford (R),N00030770,2020,3/22/2021,A01,Crop Production & Basic Processing,94763,63500,158263,A01,Crop Production & Basic Processing,94763,63500,158263,A01,Crop Production & Basic Processing,94763,63500,158263,A01,Crop Production & Basic Processing,94763,63500,158263,A01,Crop Production & Basic Processing,94763,63500,158263,A01,Crop Production & Basic Processing,94763,63500,158263,A01,Crop Production & Basic Processing,94763,63500,158263,A01,Crop Production & Basic Processing,94763,63500,158263,A01,Crop Production & Basic Processing,94763,63500,158263,A01,Crop Production & Basic Processing,94763,63500,158263
Dan Crenshaw (R),N00042224,2020,3/22/2021,W06,Retired,2628577,0,2628577,W06,Retired,2628577,0,2628577,W06,Retired,2628577,0,2628577,W06,Retired,2628577,0,2628577,W06,Retired,2628577,0,2628577,W06,Retired,2628577,0,2628577,W06,Retired,2628577,0,2628577,W06,Retired,2628577,0,2628577,W06,Retired,2628577,0,2628577,W06,Retired,2628577,0,2628577
Charlie Crist (D),N00002942,2020,3/22/2021,K01,Lawyers/Law Firms,241029,13500,254529,K01,Lawyers/Law Firms,241029,13500,254529,K01,Lawyers/Law Firms,241029,13500,254529,K01,Lawyers/Law Firms,241029,13500,254529,K01,Lawyers/Law Firms,241029,13500,254529,K01,Lawyers/Law Firms,241029,13500,254529,K01,Lawyers/Law Firms,241029,13500,254529,K01,Lawyers/Law Firms,241029,13500,254529,K01,Lawyers/Law Firms,241029,13500,254529,K01,Lawyers/Law Firms,241029,13500,254529
Jason Crow (D),N00040876,2020,3/22/2021,W06,Retired,568168,0,568168,W06,Retired,568168,0,568168,W06,Retired,568168,0,568168,W06,Retired,568168,0,568168,W06,Retired,568168,0,568168,W06,Retired,568168,0,568168,W06,Retired,568168,0,568168,W06,Retired,568168,0,568168,W06,Retired,568168,0,568168,W06,Retired,568168,0,568168
Ted Cruz (R),N00033085,2020,3/22/2021,W06,Retired,8433721,0,8433721,W06,Retired,8433721,0,8433721,W06,Retired,8433721,0,8433721,W06,Retired,8433721,0,8433721,W06,Retired,8433721,0,8433721,W06,Retired,8433721,0,8433721,W06,Retired,8433721,0,8433721,W06,Retired,8433721,0,8433721,W06,Retired,8433721,0,8433721,W06,Retired,8433721,0,8433721
Henry Cuellar (D),N00024978,2020,3/22/2021,E01,Oil & Gas,20782,199000,219782,E01,Oil & Gas,20782,199000,219782,E01,Oil & Gas,20782,199000,219782,E01,Oil & Gas,20782,199000,219782,E01,Oil & Gas,20782,199000,219782,E01,Oil & Gas,20782,199000,219782,E01,Oil & Gas,20782,199000,219782,E01,Oil & Gas,20782,199000,219782,E01,Oil & Gas,20782,199000,219782,E01,Oil & Gas,20782,199000,219782
Elijah E Cummings (D),N00001971,2020,3/22/2021,K01,Lawyers/Law Firms,95559,24800,120359,K01,Lawyers/Law Firms,95559,24800,120359,K01,Lawyers/Law Firms,95559,24800,120359,K01,Lawyers/Law Firms,95559,24800,120359,K01,Lawyers/Law Firms,95559,24800,120359,K01,Lawyers/Law Firms,95559,24800,120359,K01,Lawyers/Law Firms,95559,24800,120359,K01,Lawyers/Law Firms,95559,24800,120359,K01,Lawyers/Law Firms,95559,24800,120359,K01,Lawyers/Law Firms,95559,24800,120359
Joe Cunningham (D),N00041400,2020,3/22/2021,W06,Retired,982119,0,982119,W06,Retired,982119,0,982119,W06,Retired,982119,0,982119,W06,Retired,982119,0,982119,W06,Retired,982119,0,982119,W06,Retired,982119,0,982119,W06,Retired,982119,0,982119,W06,Retired,982119,0,982119,W06,Retired,982119,0,982119,W06,Retired,982119,0,982119
John Curtis (R),N00041221,2020,3/22/2021,H04,Pharmaceuticals/Health Products,31300,42881,74181,H04,Pharmaceuticals/Health Products,31300,42881,74181,H04,Pharmaceuticals/Health Products,31300,42881,74181,H04,Pharmaceuticals/Health Products,31300,42881,74181,H04,Pharmaceuticals/Health Products,31300,42881,74181,H04,Pharmaceuticals/Health Products,31300,42881,74181,H04,Pharmaceuticals/Health Products,31300,42881,74181,H04,Pharmaceuticals/Health Products,31300,42881,74181,H04,Pharmaceuticals/Health Products,31300,42881,74181,H04,Pharmaceuticals/Health Products,31300,42881,74181
Steven Daines (R),N00033054,2020,3/22/2021,W06,Retired,8025022,0,8025022,W06,Retired,8025022,0,8025022,W06,Retired,8025022,0,8025022,W06,Retired,8025022,0,8025022,W06,Retired,8025022,0,8025022,W06,Retired,8025022,0,8025022,W06,Retired,8025022,0,8025022,W06,Retired,8025022,0,8025022,W06,Retired,8025022,0,8025022,W06,Retired,8025022,0,8025022
Sharice Davids (D),N00042626,2020,3/22/2021,W06,Retired,398719,0,398719,W06,Retired,398719,0,398719,W06,Retired,398719,0,398719,W06,Retired,398719,0,398719,W06,Retired,398719,0,398719,W06,Retired,398719,0,398719,W06,Retired,398719,0,398719,W06,Retired,398719,0,398719,W06,Retired,398719,0,398719,W06,Retired,398719,0,398719
Warren Davidson (R),N00038767,2020,3/22/2021,F09,Insurance,12056,75000,87056,F09,Insurance,12056,75000,87056,F09,Insurance,12056,75000,87056,F09,Insurance,12056,75000,87056,F09,Insurance,12056,75000,87056,F09,Insurance,12056,75000,87056,F09,Insurance,12056,75000,87056,F09,Insurance,12056,75000,87056,F09,Insurance,12056,75000,87056,F09,Insurance,12056,75000,87056
Danny K Davis (D),N00004884,2020,3/22/2021,F09,Insurance,260,51020,51280,F09,Insurance,260,51020,51280,F09,Insurance,260,51020,51280,F09,Insurance,260,51020,51280,F09,Insurance,260,51020,51280,F09,Insurance,260,51020,51280,F09,Insurance,260,51020,51280,F09,Insurance,260,51020,51280,F09,Insurance,260,51020,51280,F09,Insurance,260,51020,51280
Rodney Davis (R),N00034784,2020,3/22/2021,Q03,Leadership PACs,0,391000,391000,Q03,Leadership PACs,0,391000,391000,Q03,Leadership PACs,0,391000,391000,Q03,Leadership PACs,0,391000,391000,Q03,Leadership PACs,0,391000,391000,Q03,Leadership PACs,0,391000,391000,Q03,Leadership PACs,0,391000,391000,Q03,Leadership PACs,0,391000,391000,Q03,Leadership PACs,0,391000,391000,Q03,Leadership PACs,0,391000,391000
Susan Davis (D),N00009604,2020,3/22/2021,P04,Public Sector Unions,0,13000,13000,P04,Public Sector Unions,0,13000,13000,P04,Public Sector Unions,0,13000,13000,P04,Public Sector Unions,0,13000,13000,P04,Public Sector Unions,0,13000,13000,P04,Public Sector Unions,0,13000,13000,P04,Public Sector Unions,0,13000,13000,P04,Public Sector Unions,0,13000,13000,P04,Public Sector Unions,0,13000,13000,P04,Public Sector Unions,0,13000,13000
Madeleine Dean (D),N00042894,2020,3/22/2021,Q02,Democratic/Liberal,73811,21251,95062,Q02,Democratic/Liberal,73811,21251,95062,Q02,Democratic/Liberal,73811,21251,95062,Q02,Democratic/Liberal,73811,21251,95062,Q02,Democratic/Liberal,73811,21251,95062,Q02,Democratic/Liberal,73811,21251,95062,Q02,Democratic/Liberal,73811,21251,95062,Q02,Democratic/Liberal,73811,21251,95062,Q02,Democratic/Liberal,73811,21251,95062,Q02,Democratic/Liberal,73811,21251,95062
Peter DeFazio (D),N00007781,2020,3/22/2021,W06,Retired,317189,0,317189,W06,Retired,317189,0,317189,W06,Retired,317189,0,317189,W06,Retired,317189,0,317189,W06,Retired,317189,0,317189,W06,Retired,317189,0,317189,W06,Retired,317189,0,317189,W06,Retired,317189,0,317189,W06,Retired,317189,0,317189,W06,Retired,317189,0,317189
Diana DeGette (D),N00006134,2020,3/22/2021,K01,Lawyers/Law Firms,92964,39250,132214,K01,Lawyers/Law Firms,92964,39250,132214,K01,Lawyers/Law Firms,92964,39250,132214,K01,Lawyers/Law Firms,92964,39250,132214,K01,Lawyers/Law Firms,92964,39250,132214,K01,Lawyers/Law Firms,92964,39250,132214,K01,Lawyers/Law Firms,92964,39250,132214,K01,Lawyers/Law Firms,92964,39250,132214,K01,Lawyers/Law Firms,92964,39250,132214,K01,Lawyers/Law Firms,92964,39250,132214
Rosa L DeLauro (D),N00000615,2020,3/22/2021,H01,Health Professionals,26526,100000,126526,H01,Health Professionals,26526,100000,126526,H01,Health Professionals,26526,100000,126526,H01,Health Professionals,26526,100000,126526,H01,Health Professionals,26526,100000,126526,H01,Health Professionals,26526,100000,126526,H01,Health Professionals,26526,100000,126526,H01,Health Professionals,26526,100000,126526,H01,Health Professionals,26526,100000,126526,H01,Health Professionals,26526,100000,126526
Suzan DelBene (D),N00030693,2020,3/22/2021,F09,Insurance,3641,152750,156391,F09,Insurance,3641,152750,156391,F09,Insurance,3641,152750,156391,F09,Insurance,3641,152750,156391,F09,Insurance,3641,152750,156391,F09,Insurance,3641,152750,156391,F09,Insurance,3641,152750,156391,F09,Insurance,3641,152750,156391,F09,Insurance,3641,152750,156391,F09,Insurance,3641,152750,156391
Antonio Delgado (D),N00040741,2020,3/22/2021,F07,Securities & Investment,632553,2000,634553,F07,Securities & Investment,632553,2000,634553,F07,Securities & Investment,632553,2000,634553,F07,Securities & Investment,632553,2000,634553,F07,Securities & Investment,632553,2000,634553,F07,Securities & Investment,632553,2000,634553,F07,Securities & Investment,632553,2000,634553,F07,Securities & Investment,632553,2000,634553,F07,Securities & Investment,632553,2000,634553,F07,Securities & Investment,632553,2000,634553
Val Demings (D),N00033449,2020,3/22/2021,W06,Retired,112337,0,112337,W06,Retired,112337,0,112337,W06,Retired,112337,0,112337,W06,Retired,112337,0,112337,W06,Retired,112337,0,112337,W06,Retired,112337,0,112337,W06,Retired,112337,0,112337,W06,Retired,112337,0,112337,W06,Retired,112337,0,112337,W06,Retired,112337,0,112337
Mark Desaulnier (D),N00030709,2020,3/22/2021,P04,Public Sector Unions,0,46000,46000,P04,Public Sector Unions,0,46000,46000,P04,Public Sector Unions,0,46000,46000,P04,Public Sector Unions,0,46000,46000,P04,Public Sector Unions,0,46000,46000,P04,Public Sector Unions,0,46000,46000,P04,Public Sector Unions,0,46000,46000,P04,Public Sector Unions,0,46000,46000,P04,Public Sector Unions,0,46000,46000,P04,Public Sector Unions,0,46000,46000
Scott Desjarlais (R),N00030957,2020,3/22/2021,Q01,Republican/Conservative,27448,10000,37448,Q01,Republican/Conservative,27448,10000,37448,Q01,Republican/Conservative,27448,10000,37448,Q01,Republican/Conservative,27448,10000,37448,Q01,Republican/Conservative,27448,10000,37448,Q01,Republican/Conservative,27448,10000,37448,Q01,Republican/Conservative,27448,10000,37448,Q01,Republican/Conservative,27448,10000,37448,Q01,Republican/Conservative,27448,10000,37448,Q01,Republican/Conservative,27448,10000,37448
Ted Deutch (D),N00031317,2020,3/22/2021,F07,Securities & Investment,152517,0,152517,F07,Securities & Investment,152517,0,152517,F07,Securities & Investment,152517,0,152517,F07,Securities & Investment,152517,0,152517,F07,Securities & Investment,152517,0,152517,F07,Securities & Investment,152517,0,152517,F07,Securities & Investment,152517,0,152517,F07,Securities & Investment,152517,0,152517,F07,Securities & Investment,152517,0,152517,F07,Securities & Investment,152517,0,152517
Mario Diaz-Balart (R),N00025337,2020,3/22/2021,M01,Air Transport,2750,87000,89750,M01,Air Transport,2750,87000,89750,M01,Air Transport,2750,87000,89750,M01,Air Transport,2750,87000,89750,M01,Air Transport,2750,87000,89750,M01,Air Transport,2750,87000,89750,M01,Air Transport,2750,87000,89750,M01,Air Transport,2750,87000,89750,M01,Air Transport,2750,87000,89750,M01,Air Transport,2750,87000,89750
Debbie Dingell (D),N00036149,2020,3/22/2021,H01,Health Professionals,14255,88500,102755,H01,Health Professionals,14255,88500,102755,H01,Health Professionals,14255,88500,102755,H01,Health Professionals,14255,88500,102755,H01,Health Professionals,14255,88500,102755,H01,Health Professionals,14255,88500,102755,H01,Health Professionals,14255,88500,102755,H01,Health Professionals,14255,88500,102755,H01,Health Professionals,14255,88500,102755,H01,Health Professionals,14255,88500,102755
Lloyd Doggett (D),N00006023,2020,3/22/2021,H01,Health Professionals,13050,131000,144050,H01,Health Professionals,13050,131000,144050,H01,Health Professionals,13050,131000,144050,H01,Health Professionals,13050,131000,144050,H01,Health Professionals,13050,131000,144050,H01,Health Professionals,13050,131000,144050,H01,Health Professionals,13050,131000,144050,H01,Health Professionals,13050,131000,144050,H01,Health Professionals,13050,131000,144050,H01,Health Professionals,13050,131000,144050
Mike Doyle (D),N00001373,2020,3/22/2021,B09,Telecom Services,18000,79800,97800,B09,Telecom Services,18000,79800,97800,B09,Telecom Services,18000,79800,97800,B09,Telecom Services,18000,79800,97800,B09,Telecom Services,18000,79800,97800,B09,Telecom Services,18000,79800,97800,B09,Telecom Services,18000,79800,97800,B09,Telecom Services,18000,79800,97800,B09,Telecom Services,18000,79800,97800,B09,Telecom Services,18000,79800,97800
Tammy Duckworth (D),N00027860,2020,3/22/2021,W06,Retired,2325321,0,2325321,W06,Retired,2325321,0,2325321,W06,Retired,2325321,0,2325321,W06,Retired,2325321,0,2325321,W06,Retired,2325321,0,2325321,W06,Retired,2325321,0,2325321,W06,Retired,2325321,0,2325321,W06,Retired,2325321,0,2325321,W06,Retired,2325321,0,2325321,W06,Retired,2325321,0,2325321
Sean P Duffy (R),N00030967,2020,3/22/2021,W06,Retired,88040,0,88040,W06,Retired,88040,0,88040,W06,Retired,88040,0,88040,W06,Retired,88040,0,88040,W06,Retired,88040,0,88040,W06,Retired,88040,0,88040,W06,Retired,88040,0,88040,W06,Retired,88040,0,88040,W06,Retired,88040,0,88040,W06,Retired,88040,0,88040
Jeff Duncan (R),N00030752,2020,3/22/2021,Q01,Republican/Conservative,87686,17500,105186,Q01,Republican/Conservative,87686,17500,105186,Q01,Republican/Conservative,87686,17500,105186,Q01,Republican/Conservative,87686,17500,105186,Q01,Republican/Conservative,87686,17500,105186,Q01,Republican/Conservative,87686,17500,105186,Q01,Republican/Conservative,87686,17500,105186,Q01,Republican/Conservative,87686,17500,105186,Q01,Republican/Conservative,87686,17500,105186,Q01,Republican/Conservative,87686,17500,105186
Neal Dunn (R),N00037442,2020,3/22/2021,H01,Health Professionals,72472,72300,144772,H01,Health Professionals,72472,72300,144772,H01,Health Professionals,72472,72300,144772,H01,Health Professionals,72472,72300,144772,H01,Health Professionals,72472,72300,144772,H01,Health Professionals,72472,72300,144772,H01,Health Professionals,72472,72300,144772,H01,Health Professionals,72472,72300,144772,H01,Health Professionals,72472,72300,144772,H01,Health Professionals,72472,72300,144772
Dick Durbin (D),N00004981,2020,3/22/2021,K01,Lawyers/Law Firms,1366599,86750,1453349,K01,Lawyers/Law Firms,1366599,86750,1453349,K01,Lawyers/Law Firms,1366599,86750,1453349,K01,Lawyers/Law Firms,1366599,86750,1453349,K01,Lawyers/Law Firms,1366599,86750,1453349,K01,Lawyers/Law Firms,1366599,86750,1453349,K01,Lawyers/Law Firms,1366599,86750,1453349,K01,Lawyers/Law Firms,1366599,86750,1453349,K01,Lawyers/Law Firms,1366599,86750,1453349,K01,Lawyers/Law Firms,1366599,86750,1453349
Tom Emmer (R),N00035440,2020,3/22/2021,W06,Retired,251423,0,251423,W06,Retired,251423,0,251423,W06,Retired,251423,0,251423,W06,Retired,251423,0,251423,W06,Retired,251423,0,251423,W06,Retired,251423,0,251423,W06,Retired,251423,0,251423,W06,Retired,251423,0,251423,W06,Retired,251423,0,251423,W06,Retired,251423,0,251423
Eliot Engel (D),N00001003,2020,3/22/2021,Q05,Pro-Israel,476683,69250,545933,Q05,Pro-Israel,476683,69250,545933,Q05,Pro-Israel,476683,69250,545933,Q05,Pro-Israel,476683,69250,545933,Q05,Pro-Israel,476683,69250,545933,Q05,Pro-Israel,476683,69250,545933,Q05,Pro-Israel,476683,69250,545933,Q05,Pro-Israel,476683,69250,545933,Q05,Pro-Israel,476683,69250,545933,Q05,Pro-Israel,476683,69250,545933
Mike Enzi (R),N00006249,2020,3/22/2021,Q03,Leadership PACs,0,75600,75600,Q03,Leadership PACs,0,75600,75600,Q03,Leadership PACs,0,75600,75600,Q03,Leadership PACs,0,75600,75600,Q03,Leadership PACs,0,75600,75600,Q03,Leadership PACs,0,75600,75600,Q03,Leadership PACs,0,75600,75600,Q03,Leadership PACs,0,75600,75600,Q03,Leadership PACs,0,75600,75600,Q03,Leadership PACs,0,75600,75600
Joni Ernst (R),N00035483,2020,3/22/2021,W06,Retired,7550927,0,7550927,W06,Retired,7550927,0,7550927,W06,Retired,7550927,0,7550927,W06,Retired,7550927,0,7550927,W06,Retired,7550927,0,7550927,W06,Retired,7550927,0,7550927,W06,Retired,7550927,0,7550927,W06,Retired,7550927,0,7550927,W06,Retired,7550927,0,7550927,W06,Retired,7550927,0,7550927
Veronica Escobar (D),N00041702,2020,3/22/2021,F10,Real Estate,46013,14000,60013,F10,Real Estate,46013,14000,60013,F10,Real Estate,46013,14000,60013,F10,Real Estate,46013,14000,60013,F10,Real Estate,46013,14000,60013,F10,Real Estate,46013,14000,60013,F10,Real Estate,46013,14000,60013,F10,Real Estate,46013,14000,60013,F10,Real Estate,46013,14000,60013,F10,Real Estate,46013,14000,60013
Anna Eshoo (D),N00007335,2020,3/22/2021,H04,Pharmaceuticals/Health Products,41400,206950,248350,H04,Pharmaceuticals/Health Products,41400,206950,248350,H04,Pharmaceuticals/Health Products,41400,206950,248350,H04,Pharmaceuticals/Health Products,41400,206950,248350,H04,Pharmaceuticals/Health Products,41400,206950,248350,H04,Pharmaceuticals/Health Products,41400,206950,248350,H04,Pharmaceuticals/Health Products,41400,206950,248350,H04,Pharmaceuticals/Health Products,41400,206950,248350,H04,Pharmaceuticals/Health Products,41400,206950,248350,H04,Pharmaceuticals/Health Products,41400,206950,248350
Adriano Espaillat (D),N00034549,2020,3/22/2021,W04,Education,51800,0,51800,W04,Education,51800,0,51800,W04,Education,51800,0,51800,W04,Education,51800,0,51800,W04,Education,51800,0,51800,W04,Education,51800,0,51800,W04,Education,51800,0,51800,W04,Education,51800,0,51800,W04,Education,51800,0,51800,W04,Education,51800,0,51800
Ron Estes (R),N00040712,2020,3/22/2021,H01,Health Professionals,35519,96500,132019,H01,Health Professionals,35519,96500,132019,H01,Health Professionals,35519,96500,132019,H01,Health Professionals,35519,96500,132019,H01,Health Professionals,35519,96500,132019,H01,Health Professionals,35519,96500,132019,H01,Health Professionals,35519,96500,132019,H01,Health Professionals,35519,96500,132019,H01,Health Professionals,35519,96500,132019,H01,Health Professionals,35519,96500,132019
Dwight Evans (D),N00038450,2020,3/22/2021,F09,Insurance,7352,89000,96352,F09,Insurance,7352,89000,96352,F09,Insurance,7352,89000,96352,F09,Insurance,7352,89000,96352,F09,Insurance,7352,89000,96352,F09,Insurance,7352,89000,96352,F09,Insurance,7352,89000,96352,F09,Insurance,7352,89000,96352,F09,Insurance,7352,89000,96352,F09,Insurance,7352,89000,96352
Dianne Feinstein (D),N00007364,2020,3/22/2021,K01,Lawyers/Law Firms,567565,81950,649515,K01,Lawyers/Law Firms,567565,81950,649515,K01,Lawyers/Law Firms,567565,81950,649515,K01,Lawyers/Law Firms,567565,81950,649515,K01,Lawyers/Law Firms,567565,81950,649515,K01,Lawyers/Law Firms,567565,81950,649515,K01,Lawyers/Law Firms,567565,81950,649515,K01,Lawyers/Law Firms,567565,81950,649515,K01,Lawyers/Law Firms,567565,81950,649515,K01,Lawyers/Law Firms,567565,81950,649515
Drew Ferguson (R),N00039090,2020,3/22/2021,H01,Health Professionals,55974,137500,193474,H01,Health Professionals,55974,137500,193474,H01,Health Professionals,55974,137500,193474,H01,Health Professionals,55974,137500,193474,H01,Health Professionals,55974,137500,193474,H01,Health Professionals,55974,137500,193474,H01,Health Professionals,55974,137500,193474,H01,Health Professionals,55974,137500,193474,H01,Health Professionals,55974,137500,193474,H01,Health Professionals,55974,137500,193474
Abby Finkenauer (D),N00040888,2020,3/22/2021,W06,Retired,469666,0,469666,W06,Retired,469666,0,469666,W06,Retired,469666,0,469666,W06,Retired,469666,0,469666,W06,Retired,469666,0,469666,W06,Retired,469666,0,469666,W06,Retired,469666,0,469666,W06,Retired,469666,0,469666,W06,Retired,469666,0,469666,W06,Retired,469666,0,469666
Deb Fischer (R),N00033443,2020,3/22/2021,Q03,Leadership PACs,0,493400,493400,Q03,Leadership PACs,0,493400,493400,Q03,Leadership PACs,0,493400,493400,Q03,Leadership PACs,0,493400,493400,Q03,Leadership PACs,0,493400,493400,Q03,Leadership PACs,0,493400,493400,Q03,Leadership PACs,0,493400,493400,Q03,Leadership PACs,0,493400,493400,Q03,Leadership PACs,0,493400,493400,Q03,Leadership PACs,0,493400,493400
Brian Fitzpatrick (R),N00038779,2020,3/22/2021,W06,Retired,343955,0,343955,W06,Retired,343955,0,343955,W06,Retired,343955,0,343955,W06,Retired,343955,0,343955,W06,Retired,343955,0,343955,W06,Retired,343955,0,343955,W06,Retired,343955,0,343955,W06,Retired,343955,0,343955,W06,Retired,343955,0,343955,W06,Retired,343955,0,343955
Chuck Fleischmann (R),N00030815,2020,3/22/2021,C01,General Contractors,42850,5500,48350,C01,General Contractors,42850,5500,48350,C01,General Contractors,42850,5500,48350,C01,General Contractors,42850,5500,48350,C01,General Contractors,42850,5500,48350,C01,General Contractors,42850,5500,48350,C01,General Contractors,42850,5500,48350,C01,General Contractors,42850,5500,48350,C01,General Contractors,42850,5500,48350,C01,General Contractors,42850,5500,48350
Lizzie Fletcher (D),N00041194,2020,3/22/2021,K01,Lawyers/Law Firms,602897,27250,630147,K01,Lawyers/Law Firms,602897,27250,630147,K01,Lawyers/Law Firms,602897,27250,630147,K01,Lawyers/Law Firms,602897,27250,630147,K01,Lawyers/Law Firms,602897,27250,630147,K01,Lawyers/Law Firms,602897,27250,630147,K01,Lawyers/Law Firms,602897,27250,630147,K01,Lawyers/Law Firms,602897,27250,630147,K01,Lawyers/Law Firms,602897,27250,630147,K01,Lawyers/Law Firms,602897,27250,630147
Bill Flores (R),N00031545,2020,3/22/2021,E01,Oil & Gas,11100,43000,54100,E01,Oil & Gas,11100,43000,54100,E01,Oil & Gas,11100,43000,54100,E01,Oil & Gas,11100,43000,54100,E01,Oil & Gas,11100,43000,54100,E01,Oil & Gas,11100,43000,54100,E01,Oil & Gas,11100,43000,54100,E01,Oil & Gas,11100,43000,54100,E01,Oil & Gas,11100,43000,54100,E01,Oil & Gas,11100,43000,54100
Jeff Fortenberry (R),N00026631,2020,3/22/2021,W06,Retired,77141,0,77141,W06,Retired,77141,0,77141,W06,Retired,77141,0,77141,W06,Retired,77141,0,77141,W06,Retired,77141,0,77141,W06,Retired,77141,0,77141,W06,Retired,77141,0,77141,W06,Retired,77141,0,77141,W06,Retired,77141,0,77141,W06,Retired,77141,0,77141
Bill Foster (D),N00029139,2020,3/22/2021,W04,Education,393519,1000,394519,W04,Education,393519,1000,394519,W04,Education,393519,1000,394519,W04,Education,393519,1000,394519,W04,Education,393519,1000,394519,W04,Education,393519,1000,394519,W04,Education,393519,1000,394519,W04,Education,393519,1000,394519,W04,Education,393519,1000,394519,W04,Education,393519,1000,394519
Virginia Foxx (R),N00026166,2020,3/22/2021,W06,Retired,166586,0,166586,W06,Retired,166586,0,166586,W06,Retired,166586,0,166586,W06,Retired,166586,0,166586,W06,Retired,166586,0,166586,W06,Retired,166586,0,166586,W06,Retired,166586,0,166586,W06,Retired,166586,0,166586,W06,Retired,166586,0,166586,W06,Retired,166586,0,166586
Lois J Frankel (D),N00002893,2020,3/22/2021,W06,Retired,169882,0,169882,W06,Retired,169882,0,169882,W06,Retired,169882,0,169882,W06,Retired,169882,0,169882,W06,Retired,169882,0,169882,W06,Retired,169882,0,169882,W06,Retired,169882,0,169882,W06,Retired,169882,0,169882,W06,Retired,169882,0,169882,W06,Retired,169882,0,169882
Marcia L Fudge (D),N00030490,2020,3/22/2021,P04,Public Sector Unions,0,54000,54000,P04,Public Sector Unions,0,54000,54000,P04,Public Sector Unions,0,54000,54000,P04,Public Sector Unions,0,54000,54000,P04,Public Sector Unions,0,54000,54000,P04,Public Sector Unions,0,54000,54000,P04,Public Sector Unions,0,54000,54000,P04,Public Sector Unions,0,54000,54000,P04,Public Sector Unions,0,54000,54000,P04,Public Sector Unions,0,54000,54000
Russ Fulcher (R),N00041335,2020,3/22/2021,Q03,Leadership PACs,0,51300,51300,Q03,Leadership PACs,0,51300,51300,Q03,Leadership PACs,0,51300,51300,Q03,Leadership PACs,0,51300,51300,Q03,Leadership PACs,0,51300,51300,Q03,Leadership PACs,0,51300,51300,Q03,Leadership PACs,0,51300,51300,Q03,Leadership PACs,0,51300,51300,Q03,Leadership PACs,0,51300,51300,Q03,Leadership PACs,0,51300,51300
Matt Gaetz (R),N00039503,2020,3/22/2021,Q01,Republican/Conservative,879850,5000,884850,Q01,Republican/Conservative,879850,5000,884850,Q01,Republican/Conservative,879850,5000,884850,Q01,Republican/Conservative,879850,5000,884850,Q01,Republican/Conservative,879850,5000,884850,Q01,Republican/Conservative,879850,5000,884850,Q01,Republican/Conservative,879850,5000,884850,Q01,Republican/Conservative,879850,5000,884850,Q01,Republican/Conservative,879850,5000,884850,Q01,Republican/Conservative,879850,5000,884850
Mike Gallagher (R),N00039330,2020,3/22/2021,F07,Securities & Investment,388788,7000,395788,F07,Securities & Investment,388788,7000,395788,F07,Securities & Investment,388788,7000,395788,F07,Securities & Investment,388788,7000,395788,F07,Securities & Investment,388788,7000,395788,F07,Securities & Investment,388788,7000,395788,F07,Securities & Investment,388788,7000,395788,F07,Securities & Investment,388788,7000,395788,F07,Securities & Investment,388788,7000,395788,F07,Securities & Investment,388788,7000,395788
Ruben Gallego (D),N00036097,2020,3/22/2021,N07,Casinos/Gambling,157155,1000,158155,N07,Casinos/Gambling,157155,1000,158155,N07,Casinos/Gambling,157155,1000,158155,N07,Casinos/Gambling,157155,1000,158155,N07,Casinos/Gambling,157155,1000,158155,N07,Casinos/Gambling,157155,1000,158155,N07,Casinos/Gambling,157155,1000,158155,N07,Casinos/Gambling,157155,1000,158155,N07,Casinos/Gambling,157155,1000,158155,N07,Casinos/Gambling,157155,1000,158155
John Garamendi (D),N00030856,2020,3/22/2021,P03,Transportation Unions,0,100500,100500,P03,Transportation Unions,0,100500,100500,P03,Transportation Unions,0,100500,100500,P03,Transportation Unions,0,100500,100500,P03,Transportation Unions,0,100500,100500,P03,Transportation Unions,0,100500,100500,P03,Transportation Unions,0,100500,100500,P03,Transportation Unions,0,100500,100500,P03,Transportation Unions,0,100500,100500,P03,Transportation Unions,0,100500,100500
Jesus Garcia (D),N00042114,2020,3/22/2021,K01,Lawyers/Law Firms,78560,12500,91060,K01,Lawyers/Law Firms,78560,12500,91060,K01,Lawyers/Law Firms,78560,12500,91060,K01,Lawyers/Law Firms,78560,12500,91060,K01,Lawyers/Law Firms,78560,12500,91060,K01,Lawyers/Law Firms,78560,12500,91060,K01,Lawyers/Law Firms,78560,12500,91060,K01,Lawyers/Law Firms,78560,12500,91060,K01,Lawyers/Law Firms,78560,12500,91060,K01,Lawyers/Law Firms,78560,12500,91060
Mike Garcia (R),N00044298,2020,3/22/2021,W06,Retired,1465403,0,1465403,W06,Retired,1465403,0,1465403,W06,Retired,1465403,0,1465403,W06,Retired,1465403,0,1465403,W06,Retired,1465403,0,1465403,W06,Retired,1465403,0,1465403,W06,Retired,1465403,0,1465403,W06,Retired,1465403,0,1465403,W06,Retired,1465403,0,1465403,W06,Retired,1465403,0,1465403
Sylvia Garcia (D),N00042282,2020,3/22/2021,K01,Lawyers/Law Firms,49101,15000,64101,K01,Lawyers/Law Firms,49101,15000,64101,K01,Lawyers/Law Firms,49101,15000,64101,K01,Lawyers/Law Firms,49101,15000,64101,K01,Lawyers/Law Firms,49101,15000,64101,K01,Lawyers/Law Firms,49101,15000,64101,K01,Lawyers/Law Firms,49101,15000,64101,K01,Lawyers/Law Firms,49101,15000,64101,K01,Lawyers/Law Firms,49101,15000,64101,K01,Lawyers/Law Firms,49101,15000,64101
Cory Gardner (R),N00030780,2020,3/22/2021,W06,Retired,6658920,0,6658920,W06,Retired,6658920,0,6658920,W06,Retired,6658920,0,6658920,W06,Retired,6658920,0,6658920,W06,Retired,6658920,0,6658920,W06,Retired,6658920,0,6658920,W06,Retired,6658920,0,6658920,W06,Retired,6658920,0,6658920,W06,Retired,6658920,0,6658920,W06,Retired,6658920,0,6658920
Greg Gianforte (R),N00040733,2020,3/22/2021,N12,Misc Business,31133,0,31133,N12,Misc Business,31133,0,31133,N12,Misc Business,31133,0,31133,N12,Misc Business,31133,0,31133,N12,Misc Business,31133,0,31133,N12,Misc Business,31133,0,31133,N12,Misc Business,31133,0,31133,N12,Misc Business,31133,0,31133,N12,Misc Business,31133,0,31133,N12,Misc Business,31133,0,31133
